MMSI,ImoNumber,Name,Reporting Period,consumption per distance [kg / n mile],CO₂ emissions per distance [kg CO₂ / n mile]
354073000,9294123,PRINCE I,2020,106.72,336.51
636014505,9314882,AMPHITRITE,2021,94.46,299.12
636014505,9314882,AMPHITRITE,2020,110.08,347.07
636014505,9314882,AMPHITRITE,2019,108.87,341.06
311027600,9466130,PEARY SPIRIT,2021,212.99,682.85
311027600,9466130,PEARY SPIRIT,2020,223.9,717.81
311027600,9466130,PEARY SPIRIT,2019,221.68,710.72
215481000,9447299,FT NERVI,2021,57.95,181.52
215481000,9447299,FT NERVI,2020,62.34,195.49
215481000,9447299,FT NERVI,2019,84.96,267.29
477211700,9584243,YANGTZE HAPPINESS,2020,78.94,247.64
477211700,9584243,YANGTZE HAPPINESS,2019,98.28,308.09
255806121,9314947,AS CAMELLIA,2021,114.08,356.79
255806121,9314947,AS CAMELLIA,2020,105.99,331.05
255806121,9314947,AS CAMELLIA,2019,146.17,457.1
636093095,9449833,WARNOW MASTER,2021,118.79,374.15
353105000,9726700,HORIZON HIGHWAY,2021,98.65,310.86
353105000,9726700,HORIZON HIGHWAY,2020,83.82,264.26
353105000,9726700,HORIZON HIGHWAY,2019,104.22,326.91
247439600,9904510,EVER COZY,2021,82.52,257.68
304374000,9328637,FREDERIK,2021,107.21,338.69
304374000,9328637,FREDERIK,2020,88.69,279.94
304374000,9328637,FREDERIK,2019,93.31,296.56
370084000,9765079,NEW FRONTIER 1,2021,59.4,168.7
370084000,9765079,CARDISSA,2020,50.56,140.1
370084000,9765079,CARDISSA,2019,60.2,167.53
255806038,9450337,NORTHERN JUBILEE,2021,286.09,896.06
255806038,9450337,NORTHERN JUBILEE,2020,266.21,830.8
255806038,9450337,NORTHERN JUBILEE,2019,282.61,881.95
636018392,9467586,INDIAN OCEAN,2021,94.95,300.48
636018392,9467586,ORIENT TRAIL,2020,101.19,320.13
636018392,9467586,ORIENT TRAIL,2019,88.27,275.34
319995000,9503990,STAR GLORY,2019,99.31,310.95
256644000,9722651,CMA CGM ARKANSAS,2021,284,889.6
256644000,9722651,CMA CGM ARKANSAS,2020,218.57,690.31
256644000,9722651,CMA CGM ARKANSAS,2019,225.12,703.12
230995000,9348948,MISIDA,2021,104.16,328.5
230995000,9348948,MISIDA,2020,105.68,331.76
230995000,9348948,MISIDA,2019,103.06,321.87
636022809,9237149,AKHISAR,2021,56.98,179.75
636022809,9237149,AKHISAR,2020,56.44,178.05
636022809,9237149,SADAN BAYRAKTAR,2019,53.56,167.15
247057100,9222534,JANAS,2021,214.87,671.28
247057100,9222534,JANAS,2020,206.4,644.87
247057100,9222534,JANAS,2019,219.87,686.56
477665200,9190767,LEXA MAERSK,2021,162.4,506.88
477665200,9190767,LEXA MAERSK,2020,182.13,569.33
477665200,9190767,LEXA MAERSK,2019,174.02,545.48
371963000,9584592,RR AUSTRALIA,2019,156.87,490.48
533130869,9795074,EAGLE BINTULU,2021,143.57,438.16
533130869,9795074,EAGLE BINTULU,2020,153.44,468.01
533130869,9795074,EAGLE BINTULU,2019,144.15,433.17
636014194,9413573,NS AFRICA,2021,180.85,572.64
636014194,9413573,NS AFRICA,2020,158.42,500.2
636014194,9413573,NS AFRICA,2019,275.06,858.06
220496000,9321512,EVELYN MAERSK,2021,344.37,1072.57
220496000,9321512,EVELYN MAERSK,2020,308.49,962.3
220496000,9321512,EVELYN MAERSK,2019,327.65,1020.79
538009082,9448281,UBC CARTAGENA,2021,54.42,172.78
538009082,9448281,UBC CARTAGENA,2020,53,168.14
538009082,9448281,UBC CARTAGENA,2019,50.68,161.18
210231000,7907659,STENA VISION,2021,167.82,530.6
210231000,7907659,STENA VISION,2020,162.78,512.92
210231000,7907659,STENA VISION,2019,170.5,537.3
354149000,9445394,G POSEIDON,2019,147.66,461.03
255804940,9183843,THEMSESTERN,2021,96.26,308.6
255804940,9183843,THEMSESTERN,2020,89.64,287.38
255804940,9183843,THEMSESTERN,2019,87.95,277.31
311037300,9551363,CONDOR LIBERATION,2021,139.3,446.63
311037300,9551363,CONDOR LIBERATION,2020,163.63,524.61
311037300,9551363,CONDOR LIBERATION,2019,154.36,494.87
538004630,9593359,ARAMIS,2020,79.39,250.64
538004630,9593359,ARAMIS,2019,96.3,300.34
225424000,9443762,CRISTINA MASAVEU,2021,69.73,223.55
225424000,9443762,CRISTINA MASAVEU,2020,71.26,228.45
225424000,9443762,CRISTINA MASAVEU,2019,73.13,234.47
249437000,9447043,HULIN,2021,65.05,208.55
249437000,9447043,HULIN,2020,73.61,236
249437000,9447043,HULIN,2019,68.28,216.16
372078000,9836880,COOL EXPLORER,2021,148.48,462.62
372078000,9836880,COOL EXPLORER,2020,139.75,435.37
372078000,9836880,COOL EXPLORER,2019,131.31,409.02
538008975,9615327,SSI MARVELOUS,2021,59.16,185.1
538008975,9615327,SSI MARVELOUS,2020,76.63,242.64
538008975,9615327,BRIGHT OCEAN III,2019,84.54,264.2
432665000,9442885,ADRIATIC HIGHWAY,2021,105.21,329.27
432665000,9442885,ADRIATIC HIGHWAY,2020,111.95,350.38
248655000,9745550,CMA CGM LOUGA,2021,114.19,355.69
248655000,9745550,CMA CGM LOUGA,2020,108.29,337.58
248655000,9745550,CMA CGM LOUGA,2019,109.69,341.79
249618000,9674933,STELLINA,2021,71.91,227.16
249618000,9674933,ELAZIZ,2020,68.87,215.43
249618000,9674933,ELAZIZ,2019,70.5,220.35
219274000,9854789,TORM SUBLIME,2021,81.86,255.14
219274000,9854789,TORM SUBLIME,2020,74.36,232.01
219274000,9854789,TORM SUBLIME,2019,Division by zero!,Division by zero!
247616000,7360681,MOBY BABY TWO,2021,112.21,353.09
247616000,7360681,MOBY BABY TWO,2020,111.93,352.12
247616000,7360681,MOBY BABY TWO,2019,96.96,304.48
215910000,9448310,CLOTILDE,2021,102.87,324.43
215910000,9448310,NORD BUTTERFLY,2020,103.16,327.24
215910000,9448310,NORD BUTTERFLY,2019,99.8,314.86
636019492,9853400,AURVIKEN,2021,139.49,436.8
636019492,9853400,AURVIKEN,2020,128.36,402.9
209467000,9483671,X-PRESS AGILITY,2021,87.74,276.02
209467000,9483671,X-PRESS AGILITY,2020,85.18,266.46
209467000,9483671,X-PRESS AGILITY,2019,76.24,243.39
259402000,9144093,BASTØ II,2021,32.74,104.95
232001580,9051284,CALEDONIAN ISLES,2020,65.98,211.54
232001580,9051284,CALEDONIAN ISLES,2019,66.82,214.21
273386260,9014872,TAMBEY,2019,48.45,151.52
563092400,9833589,STI MAVERICK,2021,87.95,275.71
563092400,9833589,MARLIN MAVERICK,2020,85.63,267.57
563092400,9833589,MARLIN MAVERICK,2019,96.15,300.32
255803201,9301483,MSC PARIS,2021,327.05,1018.43
255803201,9301483,MSC PARIS,2020,299.87,933.8
255803201,9301483,MSC PARIS,2019,354.45,1104.81
548954000,9771482,BRIGHTEN TRADER,2021,77.08,244.03
548954000,9771482,BRIGHTEN TRADER,2020,69.39,216.65
636017000,9293167,MSC RONIT R,2021,260.15,822.98
636017000,9293167,MSC RONIT R,2020,257.05,812.67
230957000,9267560,SUULA,2021,68.98,221.14
230957000,9267560,SUULA,2020,66.04,211.73
230957000,9267560,SUULA,2019,69.06,221.41
247425500,9372872,BURGUNDY,2021,159.4,501.17
247425500,9372872,BURGUNDY,2020,169.47,529.16
247425500,9372872,BURGUNDY,2019,189.98,596.35
477694300,9626053,BARCELONA EXPRESS,2021,154.88,485.13
477694300,9626053,BARCELONA EXPRESS,2020,155.02,486.04
477694300,9626053,BARCELONA EXPRESS,2019,162.36,507.77
209361000,9436214,SAMSKIP INNOVATOR,2021,73.12,230.4
209361000,9436214,SAMSKIP INNOVATOR,2020,75.81,239.29
209361000,9436214,SAMSKIP INNOVATOR,2019,76.8,242.49
311000360,9734408,LYRIC MAGNOLIA,2021,115.13,361.13
311000360,9734408,LYRIC MAGNOLIA,2020,120.49,376.2
311000360,9734408,LYRIC MAGNOLIA,2019,119.83,375.49
477269300,9795634,COSCO SHIPPING GALAXY,2021,310.96,972.66
477269300,9795634,COSCO SHIPPING GALAXY,2020,273.74,854.78
477269300,9795634,COSCO SHIPPING GALAXY,2019,279.18,871.71
249948000,9724348,PARTHENON TS,2021,137.33,434.06
249948000,9724348,PARTHENON TS,2020,125.7,396.57
249948000,9724348,PARTHENON TS,2019,144.18,454.38
305655000,9351153,SONREIRAS,2021,32.73,104.06
305655000,9351153,SONREIRAS,2020,45.75,144.83
636022086,9311634,SAWTOOTH,2021,57.67,180.64
636022086,9311634,SAWTOOTH,2019,81.77,257.48
303270000,9435909,OVERSEAS SANTORINI,2021,99.23,310.74
303270000,9435909,OVERSEAS SANTORINI,2020,106.44,332.78
303270000,9435909,OVERSEAS SANTORINI,2019,120.41,377.03
259372000,9118496,CHRISTINA,2021,45.81,146.86
259372000,9118496,CHRISTINA,2020,48.24,154
259372000,9118496,CHRISTINA,2019,54.02,170.51
538009598,9392781,ATLANTIC PISCES,2020,94.82,299.64
255806352,9323467,JSP ROVER,2021,72.03,229.46
255806352,9323467,JSP ROVER,2020,68.36,216.66
255806352,9323467,JSP ROVER,2019,68.39,217.63
636021304,9464417,RIPLEY PROSPERITY,2021,Division by zero!,Division by zero!
636021304,9464417,LEMESSOS QUEEN,2020,84.67,267.31
259344000,9299408,BØMLO,2020,127.41,408.47
229061000,9358060,SEA-CARGO EXPRESS,2021,50.49,161.86
229061000,9358060,SEA-CARGO EXPRESS,2020,50.7,162.54
229061000,9358060,SEA-CARGO EXPRESS,2019,54.23,173.87
538007194,9575163,STAR CRIOS,2019,107.51,337.95
538006058,9663116,CLIPPER KYTHIRA,2019,95.82,299.93
255806262,9851696,CB ADRIATIC,2021,81.9,255.91
255806262,9851696,CB ADRIATIC,2020,85.95,268.67
255806262,9851696,CB ADRIATIC,2019,94.25,295.06
255806056,9180205,JOLLY BLUE,2021,99.65,314.37
255806056,9180205,JOLLY BLUE,2020,100.87,318.26
229340000,9301433,CMA CGM MALTA,2021,120.24,374.53
229340000,9301433,BOMAR CAEN,2020,128.69,402.09
229340000,9301433,BOMAR CAEN,2019,130.92,408.26
218818000,9491898,PATARA,2021,111.98,31.71
218818000,9491898,PATARA,2020,104.97,330.86
218818000,9491898,PATARA,2019,104.75,329.87
566645000,9726437,SAVITA NAREE,2021,77.25,243.55
566645000,9726437,SAVITA NAREE,2020,85.19,269.68
219624000,9371804,MONA SWAN,2021,80.84,259.16
219624000,9371804,MONA SWAN,2020,88.93,285.12
219624000,9371804,MONA SWAN,2019,75.57,242.28
354405000,9282390,YUANPING SEA,2021,101.54,318.33
354405000,9282390,YUANPING SEA,2020,85.65,269.2
354405000,9282390,YUANPING SEA,2019,Division by zero!,Division by zero!
265004000,8803769,SILJA SYMPHONY,2021,198.51,625.5
265004000,8803769,SILJA SYMPHONY,2020,222.12,699.99
265004000,8803769,SILJA SYMPHONY,2019,198.11,624.37
230699000,9319454,EUROPALINK,2021,196.76,616.4
230699000,9319454,EUROPALINK,2020,188.64,591.52
230699000,9319454,EUROPALINK,2019,194.32,609.48
276779000,9443255,BALTIC QUEEN,2021,208.35,656.51
276779000,9443255,BALTIC QUEEN,2020,260.59,821.1
276779000,9443255,BALTIC QUEEN,2019,190.75,601.16
266027000,8719188,VIKING CINDERELLA,2021,153.16,491.05
266027000,8719188,VIKING CINDERELLA,2020,174.74,550.98
266027000,8719188,VIKING CINDERELLA,2019,130.9,412.45
276554000,9087116,REGAL STAR,2021,107.23,339.25
276554000,9087116,REGAL STAR,2020,98.04,310.43
276554000,9087116,REGAL STAR,2019,92.35,292.31
245525000,9385922,FRISIAN OCEAN,2021,43.36,135.88
245525000,9385922,FRISIAN OCEAN,2020,42.32,133.49
245525000,9385922,FRISIAN OCEAN,2019,40.18,126.72
249803000,9431032,NIKE,2021,48.14,152
249803000,9431032,NIKE,2020,50.92,160.82
249803000,9431032,NIKE,2019,52.55,166.08
230629000,9606900,VIKING GRACE,2021,141.84,406.9
230629000,9606900,VIKING GRACE,2020,130.43,361.41
230629000,9606900,VIKING GRACE,2019,136.46,379.66
266308000,7633155,ECKERO,2021,92.83,297.6
266308000,7633155,ECKERO,2020,97.76,313.43
266308000,7633155,ECKERO,2019,92.9,297.84
246554000,9307360,KRAFTCA,2021,176.95,551.27
246554000,9307360,KRAFTCA,2020,162.91,507.54
246554000,9307360,KRAFTCA,2019,171.53,534.41
258042000,9366134,OSLO CARRIER 2,2021,49.82,157.35
258042000,9366134,OSLO CARRIER 2,2020,51.23,161.47
258042000,9366134,OSLO CARRIER 2,2019,50.6,158.79
255806346,9440576,PANTONIO,2021,86.62,275.3
255806346,9440576,PANTONIO,2020,76.23,238.7
255806346,9440576,PANTONIO,2019,79.12,247.45
255806484,9584475,HEINRICH SCHEPERS,2021,89.98,284.58
255806484,9584475,HEINRICH SCHEPERS,2020,91.18,287.5
255806484,9584475,HEINRICH SCHEPERS,2019,85.82,270.95
244513000,9469388,STENA TRANSIT,2021,144.82,451.93
244513000,9469388,STENA TRANSIT,2020,152.22,480.89
244513000,9469388,STENA TRANSIT,2019,149.85,467.83
245088000,9299501,ENERGIZER,2021,83.1,262.21
245088000,9299501,ENERGIZER,2020,82.38,259.22
245088000,9299501,ENERGIZER,2019,81.93,258.46
477219700,9669615,MELBOURNE SPIRIT,2020,73.96,232.41
636017782,9646675,ORPHEUS,2020,101.5,322.05
636017782,9646675,ORPHEUS,2019,103.41,325.05
636019093,9572666,BERGE TRIGLAV,2021,185.16,576.9
636019093,9572666,BERGE TRIGLAV,2020,151.81,474.48
277561000,9188233,BELGIA SEAWAYS,2021,104.84,335.6
277561000,9188233,BELGIA SEAWAYS,2020,91.42,289.51
277561000,9188233,BELGIA SEAWAYS,2019,86.78,270.34
538007144,9445710,UNION TRADER,2021,96.18,301.62
538007144,9445710,UNION TRADER,2020,97.21,304.79
226308000,9269207,GLOBAL ENERGY,2021,318.11,884.95
226308000,9269207,GLOBAL ENERGY,2020,331.39,919.59
226308000,9269207,GLOBAL ENERGY,2019,306.3,847.46
244810617,9592575,REGGEBORG,2021,60.89,193.52
244810617,9592575,REGGEBORG,2020,58.13,184.2
244810617,9592575,REGGEBORG,2019,65.07,204.9
306157000,8025343,SUPER SERVANT 4,2021,108.58,339.32
306157000,8025343,SUPER SERVANT 4,2020,103.74,324.59
306157000,8025343,SUPER SERVANT 4,2019,96,300.5
636017870,9748291,DONINGTON,2021,92.52,291.03
636017870,9748291,DONINGTON,2020,90.97,286.04
636017870,9748291,DONINGTON,2019,83.81,263.01
209190000,9754434,SIF W,2021,49.65,159.18
209190000,9754434,SIF W,2020,50.88,163.11
209190000,9754434,SIF W,2019,54.12,172.34
538004338,9441398,PETREL BULKER,2019,92.27,288.35
212949000,9195145,ISAR HIGHWAY,2021,49.78,159.6
212949000,9195145,ISAR HIGHWAY,2020,49.53,158.8
212949000,9195145,ISAR HIGHWAY,2019,46.09,147.76
205788000,8800195,LA BELLE DES OCEANS,2021,61.19,196.17
205788000,8800195,LA BELLE DES OCEANS,2020,64.57,207.02
356582000,9832717,EVER GOVERN,2021,363.62,1134.22
356582000,9832717,EVER GOVERN,2020,360.16,1123.08
356582000,9832717,EVER GOVERN,2019,346.22,1080.44
636016315,9425497,PERSEUS N,2021,168.68,530.45
636016315,9425497,PERSEUS N,2020,146.13,464.04
636016315,9425497,PERSEUS N,2019,119.12,374.59
304726000,9283966,ABB ELKE,2021,55.01,172.81
304726000,9283966,ABB ELKE,2020,52.02,163.75
304726000,9283966,DS WISCONSIN,2019,57.12,179.27
636018732,9326823,EMDEN,2021,144.54,453.76
636018732,9326823,EMDEN,2020,146.84,458.9
636020204,9597094,ANDANTE,2019,146.94,471.08
374940000,9272929,SW SOUTHPORT I,2019,108.4,342.76
354668000,9392078,DINO,2021,87.74,276.97
354668000,9392078,DINO,2019,83.85,261.64
244363000,9295426,ANNELIESE ESSBERGER,2021,46.5,149.08
244363000,9295426,ANNELIESE ESSBERGER,2020,48.09,154.17
244363000,9295426,ANNELIESE ESSBERGER,2019,56.09,176.71
636015751,9300831,MILTIADES II,2019,Division by zero!,Division by zero!
636016657,9617430,CAPTAIN J. NEOFOTISTOS,2021,132.42,413.02
636016657,9617430,CAPTAIN J. NEOFOTISTOS,2020,135.09,424.32
636016657,9617430,CAPTAIN J. NEOFOTISTOS,2019,108.5,339.7
538008995,9880233,AM JYOTI,2021,91.16,284.28
305885000,9508483,BBC XINGANG,2021,67.61,214.3
305885000,9508483,BBC XINGANG,2020,66.55,210.66
305885000,9508483,BBC XINGANG,2019,60.68,190.35
538007280,9311165,NIKOLAS XL,2021,114.32,358.77
265871000,9223796,DROTTEN,2021,201.75,635.71
265871000,9223796,DROTTEN,2020,272.88,859.83
265871000,9223796,GOTLAND,2019,241.24,760.15
249594000,9337353,YASMINE,2021,151.59,478.46
249594000,9337353,YASMINE,2020,164.88,520.57
249594000,9337353,YASMINE,2019,157.9,498.55
247369700,8020642,MOBY ZAZA',2021,199.52,636.88
247369700,8020642,MOBY ZAZA',2020,218.46,692.74
247369700,8020642,MOBY ZAZA',2019,129.63,408.65
374759000,9647887,MADRID,2021,85.57,271.06
374759000,9647887,SIDER MADRID,2020,85.01,268.87
374759000,9647887,SIDER MADRID,2019,77.4,241.93
246110000,9364136,MYRTE,2021,47.56,150.06
246110000,9364136,MYRTE,2020,47,148.29
246110000,9364136,MYRTE,2019,45.57,143.79
372811000,9571624,DOCE,2021,79.07,249.63
372811000,9571624,LIDIA,2019,77.41,241.57
566582000,9431276,MAERSK KATE,2021,86.68,272.73
566582000,9431276,MAERSK KATE,2020,98.84,310.31
566582000,9431276,MAERSK KATE,2019,114.95,364.34
636092675,9602679,NORDIC MALMOE,2021,84.22,266.98
636092675,9602679,NORDIC MALMOE,2020,74.42,235.78
212752000,9803687,BG JADE,2021,91.41,286.37
212752000,9803687,BG JADE,2020,89.74,280.89
212752000,9803687,BG JADE,2019,88.15,275.92
232006421,9774367,BERGE SARSTEIN,2020,119.29,371.93
259113000,9642576,SAMSKIP KVITNOS,2020,46.3,127.6
259113000,9642576,KVITNOS,2019,44.61,123.22
477214400,9328481,GERHARD SCHULTE,2021,133.71,424.13
477214400,9328481,GERHARD SCHULTE,2019,153.37,481.44
266301000,9333694,GALAXY,2021,179.98,567.15
266301000,9333694,GALAXY,2020,179.16,564.52
266301000,9333694,GALAXY,2019,186.65,588.12
211141000,9297591,BIANCA RAMBOW,2021,82.53,262.51
211141000,9297591,BIANCA RAMBOW,2020,78.85,249.51
211141000,9297591,BIANCA RAMBOW,2019,82.96,262.45
210028000,9866249,CONTAINERSHIPS BOREALIS,2021,103.75,313.8
241726000,9220330,KNOSSOS PALACE,2021,255.51,799.33
241726000,9220330,KNOSSOS PALACE,2020,234.53,733.71
241726000,9220330,CRUISE BONARIA,2019,227.44,717.55
477172700,9783538,COSCO SHIPPING LIBRA,2021,308.37,961.49
477172700,9783538,COSCO SHIPPING LIBRA,2020,300.83,938.37
477172700,9783538,COSCO SHIPPING LIBRA,2019,317,988.53
636092330,9467017,SOPHIA,2021,66.43,210.97
636092330,9467017,SOPHIA,2020,178.71,562.3
636092330,9467017,SOPHIA,2019,74.91,234.57
538006206,9712618,CENTURIUS,2021,70.15,221.73
538006206,9712618,CENTURIUS,2020,65.11,205.96
538006206,9712618,CENTURIUS,2019,71.72,224.57
563052000,9439876,ELISALEX SCHULTE,2021,77.39,245.44
563052000,9439876,ELISALEX SCHULTE,2020,81.93,260.09
563052000,9439876,ELISALEX SCHULTE,2019,84.44,267.51
374799000,9742429,FRANBO LOHAS,2021,56.22,175.36
374799000,9742429,THORCO LOHAS,2020,63.86,199.37
219415000,9465980,TORM ALMENA,2020,95.69,298.56
219415000,9465980,TORM ALMENA,2019,90.59,282.54
259143000,9436264,NORJARL,2021,36.99,118.59
259143000,9436264,NORJARL,2020,33.44,107.2
259143000,9436264,NORJARL,2019,32.63,104.61
352001929,9321718,CAP PHILIPPE,2021,183.41,576.98
352001929,9321718,CAP PHILIPPE,2020,143.42,447.83
352001929,9321718,CAP PHILIPPE,2019,220.39,688.21
232013521,9362413,0195 SPIRIT OF MELBOURNE,2019,197.02,613.92
563008500,9782168,NAVIOS DOLPHIN,2020,80.1,252.47
636016656,9358395,WIGEON,2021,89.41,282.86
636016656,9358395,WIGEON,2020,103.33,326.4
636016656,9358395,WIGEON,2019,95.81,302.76
311038700,9490961,LOBITO,2021,295.34,813.58
311038700,9490961,LOBITO,2020,270.03,744.33
311038700,9490961,LOBITO,2019,272.49,753.02
372712000,9317365,PHOENIX K,2021,96.07,305.12
636019496,9852145,YUKON,2021,83.58,260.87
636019496,9852145,YUKON,2020,82.61,258.15
305530000,9490105,FITNES,2021,93.58,292.06
305530000,9490105,FITNES,2020,92.94,290.17
305530000,9490105,FITNES,2019,98.97,308.96
255806494,9704972,MSC ELODIE,2021,285.23,888.78
255806494,9704972,MSC ELODIE,2020,290.94,906.49
255806494,9704972,MSC ELODIE,2019,237.94,743.53
319017500,9414084,STOLT BRELAND,2021,128.71,401.94
319017500,9414084,STOLT BRELAND,2020,125.9,392.68
319017500,9414084,STOLT BRELAND,2019,130.94,410.35
304819000,9858424,STARNES,2021,85.72,267.99
304819000,9858424,STARNES,2020,90.23,281.97
319489000,9102069,STOLT INNOVATION,2021,118.47,372.41
319489000,9102069,STOLT INNOVATION,2020,120.2,376.74
319489000,9102069,STOLT INNOVATION,2019,138.2,432.58
538008687,9860520,PORT TOKYO,2021,83.91,261.59
228085000,9305843,COTE DES FLANDRES,2021,174.22,542.62
228085000,9305843,COTE DES FLANDRES,2020,187.31,583.48
228085000,9305843,COTE DES FLANDRES,2019,190.49,593.53
244315000,9188221,SOMERSET,2021,95.28,300.64
244315000,9188221,SOMERSET,2020,114.26,361.91
244315000,9188221,SOMERSET,2019,104.55,330.27
235028825,9293076,DUNKERQUE SEAWAYS,2021,174.34,542.97
235028825,9293076,DUNKERQUE SEAWAYS,2020,186.27,580.1
235028825,9293076,DUNKERQUE SEAWAYS,2019,201.75,628.86
304364000,9521813,NAREW,2020,61.08,192.39
304364000,9521813,NAREW,2019,71.43,225.63
565475000,9215880,MAERSK NEWHAVEN,2019,139.28,434
636015233,9275397,MSC MANYA,2021,156.84,495.7
636015233,9275397,MSC MANYA,2020,123.76,393.83
636015233,9275397,MSC MANYA,2019,144.73,455.09
477519100,9570101,SEACLIPPER,2021,99.7,314.72
477519100,9570101,SEACLIPPER,2020,106.5,337.02
477519100,9570101,SEACLIPPER,2019,108.04,339.48
255805838,9322578,DREAM,2021,68.97,217.54
255805838,9322578,DREAM,2020,74.16,233.98
255805838,9322578,DREAM,2019,70.81,223.56
636021532,9583160,KING BARLEY,2020,98.09,311.01
636021532,9583160,KING BARLEY,2019,95.54,299.37
232010350,9781621,GLENPARK,2020,69.99,220.62
232010350,9781621,GLENPARK,2019,65.44,204.05
563150200,9521851,SAN,2019,65.6,206.5
304693000,9421154,JUNO,2021,42,131.21
304693000,9421154,JUNO,2020,41.43,129.57
304693000,9421154,JUNO,2019,45.32,142.27
255806257,9344722,VALENTINA,2021,97.33,303.2
255806257,9344722,VALENTINA,2020,85.54,266.39
255806257,9344722,VALENTINA,2019,84.52,263.19
511100832,7504598,BADER III,2021,127.19,397.13
511100832,7504598,BADER III,2020,154.57,487.01
511100832,7504598,BADER III,2019,130.99,411.59
255802790,9514755,NORDIC HAMBURG,2021,82.55,260.61
255802790,9514755,NORDIC HAMBURG,2020,86.04,273.05
255802790,9514755,NORDIC HAMBURG,2019,83.93,265.15
477847500,9632272,BI JIA SHAN,2021,97.15,304.01
477847500,9632272,BI JIA SHAN,2020,Division by zero!,Division by zero!
477847500,9632272,BI JIA SHAN,2019,102.32,321.09
215179000,9226504,TEOMAN A,2021,124.57,389.36
215179000,9226504,TEOMAN A,2020,137.16,428.35
215179000,9226504,TEOMAN A,2019,137.74,430.08
255805652,9483358,CONMAR AVENUE,2021,92.15,288.61
255805652,9483358,CONMAR AVENUE,2020,87.87,275.41
255805652,9483358,CONMAR AVENUE,2019,87.04,273.04
248432000,9406623,CMA CGM NERVAL,2021,243.99,772.25
248432000,9406623,CMA CGM NERVAL,2020,215.35,680.29
248432000,9406623,CMA CGM NERVAL,2019,232,725.18
255805843,9328053,MUSIC,2021,83.63,266.41
255805843,9328053,MUSIC,2020,85.03,268.38
255805843,9328053,MUSIC,2019,75.38,237.54
244850852,9320518,FWN SPLENDIDE,2021,51.41,161.94
244850852,9320518,FWN SPLENDIDE,2020,55.56,175.24
244850852,9320518,FWN SPLENDIDE,2019,55.37,174.04
258915000,9734836,YARA KARA,2021,74.96,233.88
258915000,9734836,YARA KARA,2020,85.21,266.3
258915000,9734836,YARA KARA,2019,76.48,238.84
257550000,9854466,SALTSTRAUM,2021,47.36,151.85
257550000,9854466,SALTSTRAUM,2020,46.24,147.99
271048031,9550321,KATYA ATK,2021,59.32,185.03
271048031,9550321,WESTERN CONFIDENCE,2019,64.21,200.82
215276000,9466738,SLOMAN HERMES,2020,51.28,163.2
215276000,9466738,SLOMAN HERMES,2019,63.03,200.01
305793000,9618848,RHOGAS,2021,78.43,250.33
305793000,9618848,RHOGAS (RHOGAS),2020,75.48,241.51
305793000,9618848,RHOGAS,2019,79.34,252.99
218098000,9354478,IDA RAMBOW,2021,77.28,245.4
218098000,9354478,IDA RAMBOW,2020,81.61,258.94
218098000,9354478,IDA RAMBOW,2019,80.11,252.85
538006873,9789532,ECO DOMINATOR,2021,45.92,145.77
538006873,9789532,ECO DOMINATOR,2020,53.57,167.83
538006873,9789532,ECO DOMINATOR,2019,52.58,164.82
209885000,9807308,STENA EDDA,2020,184.11,575.41
212906000,9313228,BALTIC SHEARWATER,2021,99.36,314.71
212906000,9313228,BALTIC SHEARWATER,2020,92.23,294.51
212906000,9313228,BALTIC SHEARWATER,2019,95.38,301.16
256767000,9723253,HUNGARY,2021,246.26,780
256767000,9723253,HUNGARY,2020,236.85,741.79
256767000,9723253,HUNGARY,2019,229.56,720.35
538008703,9877614,SOLAR SHARNA,2021,109.55,344.49
538008703,9877614,SOLAR SHARNA,2020,70.71,223.73
636018086,9467976,AGIA DOXA,2021,93.26,295.31
636018086,9467976,AGIA DOXA,2019,95.55,300.81
636015637,9548213,JUNIOR,2021,125.03,395.13
305621000,9505510,AMOENITAS,2021,86.63,270.96
305621000,9505510,AMOENITAS,2020,78.44,246.15
305621000,9505510,AMOENITAS,2019,88.16,278.39
352001327,9766932,MARITIME CHALLENGER,2021,74.4,231.99
636018491,9242637,BOMAR VALOUR,2020,81.64,257.24
636018491,9242637,BOMAR VALOUR,2019,90.79,285.65
367422000,9349514,DELAWARE EXPRESS,2021,232.5,731.29
367422000,9349514,AL BAHIA,2020,188.76,596.64
367422000,9349514,AL BAHIA,2019,232.48,727.82
538004090,9466908,LMZ TITAN,2021,121.54,380.81
538004090,9466908,LMZ TITAN,2020,101.84,318.34
219030706,9667473,STENA IMAGE,2021,93.69,293
219030706,9667473,STENA IMAGE,2020,99.9,314.71
219030706,9667473,STENA IMAGE,2019,89.75,282
352001997,9247481,SEAMERIT,2021,104.45,329.76
352001997,9247481,SEAMERIT,2020,111.58,351.51
352001997,9247481,SEAMERIT,2019,104.2,326.73
215295000,9254989,POLES,2021,89.57,283.74
215295000,9254989,POLES,2020,102.16,319.16
215295000,9254989,POLES,2019,89.83,281.09
371919000,9696436,MENELAOS,2021,99.48,316.5
371919000,9696436,MENELAOS,2019,92.54,291.29
212636000,9376048,HANNA,2021,69.31,219.97
212636000,9376048,HANNA,2020,71.99,228.18
212636000,9376048,HANNA,2019,79.52,251.19
636020106,9502776,AGIOS NIKOLAOS,2021,88.49,279.78
538004380,9595888,FEDERAL SABLE,2021,84.66,266.45
538004380,9595888,FEDERAL SABLE,2020,76.39,241.16
538004380,9595888,FEDERAL SABLE,2019,79.58,249.46
229595000,9396696,CMA CGM GALICIA,2021,90.27,284.62
229595000,9396696,ANNE SIBUM,2020,85.68,270.86
229595000,9396696,ANNE SIBUM,2019,85.63,272.3
257845600,9771420,BASTØ IV,2021,26.15,83.85
259016000,9431006,WILSON NEWCASTLE,2021,42.51,136.29
259016000,9431006,WILSON NEWCASTLE,2020,43.18,138.43
259016000,9431006,WILSON NEWCASTLE,2019,44.16,140
210772000,9243447,KERRY,2021,162.66,508.01
210772000,9243447,KERRY,2020,146.38,456.73
210772000,9243447,KERRY,2019,143.88,449.35
308704000,9059638,DUNCAN ISLAND,2021,115.2,360.06
308704000,9059638,DUNCAN ISLAND,2020,98.37,308.6
308704000,9059638,DUNCAN ISLAND,2019,108.32,339.99
219347000,9586605,STAVANGERFJORD,2021,107.47,298.79
219347000,9586605,STAVANGERFJORD,2020,111.41,310.98
219347000,9586605,STAVANGERFJORD,2019,117.78,327.09
219609000,9632105,MORTEN MAERSK,2021,318.14,991.93
219609000,9632105,MORTEN MAERSK,2020,301.37,939.64
219609000,9632105,MORTEN MAERSK,2019,290.32,904.99
255806281,9849825,KASPAR OLDENDORFF,2021,99.13,311.2
255806281,9849825,KASPAR OLDENDORFF,2020,86.66,271.51
304330000,9473248,STINNES PASSAT,2021,68.64,215.54
304330000,9473248,BBC LEDA,2020,67.73,213.23
304330000,9473248,BBC LEDA,2019,68.58,215.13
538008427,9353149,DINAH,2021,76.94,243.67
538008427,9353149,DINAH,2020,81.46,259.58
538008427,9353149,RIDGEBURY NALINI D,2019,112.5,352.95
636015646,9334351,EM KEA,2021,146.7,459.75
636015646,9334351,EM KEA,2020,152.15,473.81
636015646,9334351,EM KEA,2019,160.75,500.62
271050950,9126766,CORELLI,2021,62.36,194.81
271050950,9126766,CORELLI,2020,66.66,208.28
271050950,9126766,CORELLI,2019,66.62,207.99
219000776,7826855,URD,2021,77.81,245.32
219000776,7826855,URD,2020,76.87,242.38
219000776,7826855,URD,2019,77.54,244.55
372939000,9337391,ATHENS VOYAGER,2019,194.61,610.03
239575000,8616336,BLUE HORIZON,2021,166.43,520.41
239575000,8616336,BLUE HORIZON,2020,177.96,556.75
239575000,8616336,BLUE HORIZON,2019,166.61,526.16
265013000,9818280,RAMELIA,2021,56.8,169.63
265013000,9818280,RAMELIA,2020,49.93,143.63
265013000,9818280,RAMELIA,2019,54.71,165.34
215750000,9447330,FT QUARTO,2021,109.41,344.75
215750000,9447330,FT QUARTO,2020,124.37,395.45
215750000,9447330,FT QUARTO,2019,128.13,410.64
215474000,9378321,SONGA CRYSTAL,2021,67.13,210.98
215474000,9378321,SONGA CRYSTAL,2020,71.93,229.21
215474000,9378321,SONGA CRYSTAL,2019,69,437.03
477721700,9244295,GREAT SHENG WEN,2021,95.88,302.83
477721700,9244295,ZOE S,2020,88.35,277.8
636092923,9546784,PUNA,2021,76.41,241.36
636092923,9546784,PUNA,2020,83.07,261.86
636092923,9546784,THREE RIVERS,2019,86.01,269.02
357262000,9518098,BULK PORTUGAL,2020,114.79,362.76
357262000,9518098,BULK PORTUGAL,2019,102.07,320.36
218292000,9423449,SEAPIKE,2021,108.61,345.33
218292000,9423449,SEAPIKE,2020,122.44,387.12
218292000,9423449,SEAPIKE,2019,112.65,355.6
241614000,9787194,MINERVA OLYMPIA,2021,137.1,433.46
241614000,9787194,MINERVA OLYMPIA,2020,118.83,380.9
241614000,9787194,MINERVA OLYMPIA,2019,119.48,376.14
256748000,9722625,HELLAS FIGHTER,2021,75.64,239.19
256748000,9722625,HELLAS FIGHTER,2020,77.2,244.12
304667000,9448695,ELBSAILOR,2021,75.35,236.43
304667000,9448695,ELBSAILOR,2020,93.55,295.67
304667000,9448695,ELBSAILOR,2019,92,290.07
538005066,9624110,AM BUCHANAN,2021,113.26,359.14
538005066,9624110,AM BUCHANAN,2020,100.88,319.9
538005066,9624110,AM BUCHANAN,2019,104.44,328.06
257896000,9630030,TORILL KNUTSEN,2021,316.97,1016.21
257896000,9630030,TORILL KNUTSEN,2020,275.83,884.3
257896000,9630030,TORILL KNUTSEN,2019,294.74,944.92
413493080,9774599,TIAN HUI,2021,81.36,253.38
413493080,9774599,TIAN HUI,2020,74.53,232.16
413493080,9774599,TIAN HUI,2019,79.87,248.89
229446000,9363479,MINERVA JOY,2021,97.26,307.99
229446000,9363479,MINERVA JOY,2019,83.86,261.68
258465000,9233258,TROLLFJORD,2020,88.09,282.42
258465000,9233258,TROLLFJORD,2019,85.48,274.06
440202000,9702405,GLOVIS SUNRISE,2021,126.57,400.78
440202000,9702405,GLOVIS SUNRISE,2020,106.16,334.51
440202000,9702405,GLOVIS SUNRISE,2019,124.01,386.17
538005521,9669031,MORNING PILOT,2021,114.4,361.73
538005521,9669031,MORNING PILOT,2020,105.42,333.28
538005521,9669031,MORNING PILOT,2019,101.12,317.2
356777000,9642227,BULK GUATEMALA,2021,101.12,319.14
356777000,9642227,BULK GUATEMALA,2019,96.91,304.28
255954000,9322695,BRO NYBORG,2021,77.01,246.31
255954000,9322695,BRO NYBORG,2020,92.91,296.38
255954000,9322695,BRO NYBORG,2019,72.11,224.98
636017360,9399741,ROBIN 4,2021,172.7,540.42
636017360,9399741,ROBIN 4,2020,169.72,535.27
636017360,9399741,ROBIN 4,2019,153.23,478.73
538005268,9290232,KAVO AETOS,2021,Division by zero!,Division by zero!
538005268,9290232,KAVO AETOS,2020,83.36,263.67
538005268,9290232,KAVO AETOS,2019,Division by zero!,Division by zero!
477897700,9371062,SAGA NAVIGATOR,2021,84.6,267.33
477897700,9371062,SAGA NAVIGATOR,2020,85.44,270.3
477897700,9371062,SAGA NAVIGATOR,2019,84.79,265.76
250005849,9851945,ARKLOW ACCORD,2021,31.04,99.37
250005849,9851945,ARKLOW ACCORD,2020,32.72,104.3
219603000,9692143,NORD SUSTAINABLE,2021,76.83,239.78
219603000,9692143,NORD SUSTAINABLE,2020,80.82,251.75
219603000,9692143,NORD SUSTAINABLE,2019,89.11,279.53
356984000,9773210,MOL TRUTH,2021,291.78,914.1
356984000,9773210,MOL TRUTH,2020,275.96,861.17
356984000,9773210,MOL TRUTH,2019,282.58,881.21
314444000,9298375,CAROLUS MAGNUS,2021,82.27,259.09
314444000,9298375,CAROLUS MAGNUS,2020,90.4,284.95
314444000,9298375,CAROLUS MAGNUS,2019,80.46,251.8
304829000,9880855,FJORDNES,2021,85.35,266.93
231356000,9306017,HELGAFELL,2021,83.65,261.3
231356000,9306017,HELGAFELL,2020,81.45,255.41
231356000,9306017,HELGAFELL,2019,82.39,261.41
563028800,9743837,CONCERTO,2021,88.25,276.69
563028800,9743837,CONCERTO,2020,89.96,283.4
563028800,9743837,CONCERTO,2019,82.69,259.03
305299000,9231834,BJORG,2021,75.09,240.12
305299000,9231834,BJORG,2020,77.75,249.28
305299000,9231834,BJORG,2019,73.71,233.31
373059000,9605011,SANTA VITORIA,2021,91.54,289.56
247182500,9301885,MARIA M,2021,92.98,293.72
247182500,9301885,MARIA M,2020,119.32,377.69
247182500,9301885,MARIA M,2019,108.45,339.63
636013848,9396335,HISTRIA TIGER,2021,100.5,315.3
636013848,9396335,HISTRIA TIGER,2020,103.71,324.76
636013848,9396335,HISTRIA TIGER,2019,100.7,315.1
244850970,9302243,SVEN-D,2021,79.44,248.39
244850970,9302243,SVEN-D,2020,88.84,277.38
244850970,9302243,SVEN-D,2019,88.37,278.61
257122880,9878993,BASTØ ELECTRIC,2021,28.47,91.28
246629000,9508794,AMELAND,2021,48.29,152.36
246629000,9508794,AMELAND,2020,45.36,143.65
246629000,9508794,AMELAND,2019,42.89,135.29
250006306,9851983,ARKLOW ARTIST,2021,30.37,97.27
220624000,9406582,JETTE THERESA,2021,58.12,183.81
220624000,9406582,JETTE THERESA,2020,60.44,189.72
220624000,9406582,JETTE THERESA,2019,61.87,194.11
255806303,9327059,ANNETTE ESSBERGER,2021,81.46,261.16
255806303,9327059,ANNETTE ESSBERGER,2020,68.54,219.75
255806303,9327059,ANNETTE ESSBERGER,2019,75.68,242.64
247015400,9214367,MOBY WONDER,2021,262.89,821.17
247015400,9214367,MOBY WONDER,2020,248.81,776.91
247015400,9214367,MOBY WONDER,2019,255.97,798.1
305853000,9563720,BBC CORAL,2021,87.38,275.77
305853000,9563720,BBC CORAL,2020,79.51,250.84
477854300,9718870,SILVER HEBA,2021,74.66,233.5
477854300,9718870,SILVER HEBA,2019,81.56,257.12
248962000,9856622,HAFNIA GUANGZHOU,2021,60.79,193.62
248962000,9856622,HAFNIA GUANGZHOU,2020,91.31,288.15
248962000,9856622,HAFNIA GUANGZHOU,2019,80.35,251.5
308416000,9304057,NORWEGIAN JADE,2021,468.53,1467.72
308416000,9304057,NORWEGIAN JADE,2019,403.59,1259.4
232046824,9813993,CONTAINERSHIPS NORD,2021,90.13,257.15
232046824,9813993,CONTAINERSHIPS NORD,2020,89.87,251.48
232046824,9813993,CONTAINERSHIPS NORD,2019,86.79,247.38
239297000,8020927,PREVELIS,2021,87.35,273.63
239297000,8020927,PREVELIS,2020,94.97,297.54
239297000,8020927,PREVELIS,2019,97.61,308.67
305654000,9328649,ALEXANDER B,2021,100.37,316.86
305654000,9328649,ALEXANDER B,2020,88.16,278.34
305654000,9328649,ALEXANDER B,2019,94.89,299.66
538003850,9489089,UACC MANSOURIA,2021,120.79,378.62
538003850,9489089,UACC MANSOURIA,2019,104.25,328.15
273419350,8500630,ATLANTIC LADY,2021,123.93,395.32
273419350,8500630,ATLANTIC LADY,2020,116.51,371.24
273419350,8500630,ATLANTIC LADY,2019,129.57,411.04
255805765,9702601,GISELA OLDENDORFF,2021,115.21,360.74
255805765,9702601,GISELA OLDENDORFF,2020,62,193.92
255805765,9702601,GISELA OLDENDORFF,2019,113.09,359.63
351831000,9720055,BETULA ARROW,2021,73.8,232.71
636015530,9616084,ARIF AMCA,2021,40.8,127.85
636015530,9616084,ARIF AMCA,2020,39.61,126.19
636015530,9616084,ARIF AMCA,2019,41.15,128.83
305643000,9368041,JSP MISTRAL,2021,78.86,251.11
305643000,9368041,JSP MISTRAL,2020,83.64,266.37
305643000,9368041,JSP MISTRAL,2019,89.17,281.11
311828000,9285029,KUJAWY,2021,81.48,257.55
311828000,9285029,KUJAWY,2020,83.98,265.1
311828000,9285029,KUJAWY,2019,94.85,298.52
636019842,9788617,PACIFIC COBALT,2021,79.09,249.93
636019842,9788617,PACIFIC COBALT,2020,92.95,293.91
477321000,9253739,OOCL MONTREAL,2021,198.56,629.45
477321000,9253739,OOCL MONTREAL,2020,183.52,580.94
477321000,9253739,OOCL MONTREAL,2019,185.87,587.41
255806452,9474383,NORDIC ISTRIA,2021,88.07,275.47
255806452,9474383,NORDIC ISTRIA,2020,117.22,370.46
255806452,9474383,ISTRIAN EXPRESS,2019,96.33,302.66
210944000,9623829,LEMESSOS LION,2019,117.16,366.62
636022728,9406726,STRAUM,2021,96.32,302.36
636022728,9406726,STRAUM,2019,85.26,268.13
255919000,9221554,AIDAVITA,2019,180.59,569.13
215325000,9803613,MSC GRANDIOSA,2021,440.53,1376.97
215325000,9803613,MSC GRANDIOSA,2020,519.42,1625.55
215325000,9803613,MSC GRANDIOSA,2019,508.95,1591.73
311000855,9159115,CROWN SAPPHIRE,2021,84.34,262.91
311000855,9159115,CROWN SAPPHIRE,2020,78.64,247.13
311000855,9159115,CROWN SAPPHIRE,2019,77.88,244.43
538008511,9539341,TEAM BRAVO,2021,69.77,219.49
248220000,9491264,KIRAN AMERICA,2021,81.15,254.31
239923000,9241786,BLUE STAR NAXOS,2021,123.81,385.61
239923000,9241786,BLUE STAR NAXOS,2020,123.1,383.47
239923000,9241786,BLUE STAR NAXOS,2019,130.81,412.25
248006000,9737383,OSLO TS,2021,124.72,396.14
248006000,9737383,OSLO TS,2020,122.94,389.67
248006000,9737383,OSLO TS,2019,144.12,459.85
255806231,9405320,SELASSE,2021,66.3,211.98
255806231,9405320,SELASSE,2020,57.56,184.53
255806231,9405320,SELASSE,2019,65.04,204.93
352351000,9072824,AVUNDA REEFER,2021,59.17,186.07
352351000,9072824,AVUNDA REEFER,2020,49.77,155.75
477100400,9776195,OOCL JAPAN,2021,285.76,897.81
477100400,9776195,OOCL JAPAN,2020,280.79,879.54
477100400,9776195,OOCL JAPAN,2019,277.62,868.98
244860255,9721645,SYMPHONY STAR,2021,38.77,124.3
244860255,9721645,SYMPHONY STAR,2020,38,121.82
244860255,9721645,SYMPHONY STAR,2019,42.82,134.89
319200700,9337614,NYK DAEDALUS,2021,193.33,613.22
319200700,9337614,NYK DAEDALUS,2020,170.28,539.71
319200700,9337614,NYK DAEDALUS,2019,182.4,573.57
255805834,9197533,CAROLINE RUSS,2021,113.98,355.37
255805834,9197533,CAROLINE RUSS,2020,127.69,400.85
255805834,9197533,CAROLINE RUSS,2019,114.93,360.64
304846000,9197521,EMILIA,2020,59.06,189.35
566579000,9725639,HAFNIA SUNDA,2021,65.49,209.29
566579000,9725639,HAFNIA SUNDA,2020,75.39,239.12
566579000,9725639,HAFNIA SUNDA,2019,76.78,245.38
247296500,9465540,EUROCARGO ALEXANDRIA,2021,142.81,445.52
247296500,9465540,EUROCARGO ALEXANDRIA,2020,132.97,415.02
247296500,9465540,EUROCARGO ALEXANDRIA,2019,133.22,415.77
275430000,8700723,ISABELLE,2021,Division by zero!,Division by zero!
275430000,8700723,ISABELLE,2020,212.59,669.87
275430000,8700723,ISABELLE,2019,165.1,520.24
259266000,9283784,LEONORA VICTORY,2021,91.93,289.48
259266000,9283784,LEONORA VICTORY,2020,91.34,286.67
259266000,9283784,LEONORA VICTORY,2019,106.47,335.41
563051200,9283186,MONTE CERVANTES,2021,206.92,651.25
563051200,9283186,MONTE CERVANTES,2020,188.04,590.22
563051200,9283186,MONTE CERVANTES,2019,212.57,668.53
538007357,9435557,OWL 4,2021,53.51,167.15
563127200,9773143,SOUTHERN OWL,2021,78.23,245.19
563127200,9773143,SOUTHERN OWL,2020,84.34,264.93
563127200,9773143,SOUTHERN OWL,2019,86.15,271.53
209345000,9373905,CONTSHIP NEW,2021,107.78,341.65
209345000,9373905,CONTSHIP NEW,2019,88.11,274.52
563185900,9719745,NAVIG8 AMESSI,2021,83.45,264.07
563185900,9719745,NAVIG8 AMESSI,2020,94.15,297.45
563185900,9719745,NAVIG8 AMESSI,2019,95.09,299.01
247270600,9377200,DIVINA,2021,85.61,268.28
247270600,9377200,DIVINA,2020,86.04,269.6
247270600,9377200,DIVINA,2019,87.76,275.25
229455000,9223784,VISBORG,2021,200.44,631.59
229455000,9223784,VISBY,2020,228.16,718.92
229455000,9223784,VISBY,2019,244.16,769.34
371043000,9233624,LADY SEMA,2021,49.33,156.5
371043000,9233624,LADY SEMA,2020,59.8,189.66
538005991,9690626,HAFNIA VIOLETTE,2021,94.21,297.89
538005991,9690626,NAVIG8 VIOLETTE,2020,87.55,277.01
538005991,9690626,NAVIG8 VIOLETTE,2019,103.86,325.79
636016118,9204477,JOANNA,2021,97.43,304.46
636016118,9204477,JOANNA,2020,103.98,332.2
636016118,9204477,JOANNA,2019,121.98,389.94
566984000,9611022,GLOVIS MAINE,2020,94.46,298.36
249671000,9376713,VESPERTINE,2021,99.39,312.45
249671000,9376713,VESPERTINE,2020,102.63,323.59
249671000,9376713,VESPERTINE,2019,106.17,333.05
538005781,9727534,NAVIG8 AMMOLITE,2021,73.63,232.92
538005781,9727534,NAVIG8 AMMOLITE,2019,61.41,192.62
563186300,9727534,NAVIG8 AMMOLITE,2021,73.63,232.92
563186300,9727534,NAVIG8 AMMOLITE,2019,61.41,192.62
538009099,9913626,YELLOW STARS,2021,82.69,258.23
219280000,9399351,HENRY MAERSK,2021,113.21,356.52
219280000,9399351,HENRY MAERSK,2020,109.27,340.36
636018494,9782091,LYDDEN,2021,83.9,262.48
636018494,9782091,LYDDEN,2020,100.35,315.56
636018494,9782091,LYDDEN,2019,99.17,310.31
256154000,9521423,CHEMICAL LUNA,2021,60.82,192.68
256154000,9521423,CHEMICAL LUNA,2020,63.56,199.86
256154000,9521423,CHEMICAL LUNA,2019,57.2,179.73
311744000,9235141,POPLAR ARROW,2021,92.57,292.44
311744000,9235141,POPLAR ARROW,2020,83.42,259.76
311744000,9235141,POPLAR ARROW,2019,90.09,281.95
244030593,9227259,STENA FORERUNNER,2021,147.79,461.95
244030593,9227259,STENA FORERUNNER,2020,227.98,715.18
244030593,9227259,STENA FORERUNNER,2019,157.46,492.71
228183600,9268708,PONT-AVEN,2021,319.18,1003.76
228183600,9268708,PONT-AVEN,2020,345.06,1079.32
228183600,9268708,PONT-AVEN,2019,282.36,880.57
257465000,9824289,COLOR HYBRID,2021,82.49,264.47
257465000,9824289,COLOR HYBRID,2020,121.92,390.89
257465000,9824289,COLOR HYBRID,2019,130.06,416.99
636018543,9831191,ELANDRA MAPLE,2020,77.59,246.1
636018543,9831191,ELANDRA MAPLE,2019,75.58,237.35
311046100,9346811,PODLASIE,2021,73.61,233.64
311046100,9346811,PODLASIE,2020,80.38,252.75
311046100,9346811,PODLASIE,2019,84.22,264.12
247436500,8320573,MEGA REGINA,2021,239.54,750.07
247436500,8320573,MARIELLA,2020,198.45,626.25
247436500,8320573,MARIELLA,2019,151.33,476.83
220464000,9320568,FICARIA SEAWAYS,2021,146.82,458.55
220464000,9320568,FICARIA SEAWAYS,2020,152.68,477.01
220464000,9320568,FICARIA SEAWAYS,2019,156.32,487.13
241715000,9881691,MARAN SOLON,2021,163.35,515.95
563155800,9330848,ATLANTIC GENEVA,2021,90.19,281.72
563155800,9330848,ATLANTIC GENEVA,2020,83.94,262.28
563155800,9330848,ATLANTIC GENEVA,2019,76.05,237.67
235308000,9220809,CLAMOR SCHULTE,2021,82.91,264.51
235308000,9220809,CLAMOR SCHULTE,2020,93.93,301.15
235308000,9220809,CLAMOR SCHULTE,2019,102.66,328.81
255806511,9186417,FRIEDRICH RUSS,2021,74.66,233.16
255806511,9186417,FRIEDRICH RUSS,2020,80.49,251.26
255806511,9186417,FRIEDRICH RUSS,2019,88.37,275.6
605086013,9557795,SEDRATA,2021,42.05,133.19
605086013,9557795,SEDRATA,2019,70.17,220.46
249435000,9717278,CIELO DI CAPRI,2021,78.41,250.17
249435000,9717278,CIELO DI CAPRI,2020,102.33,327.46
249435000,9717278,CIELO DI CAPRI,2019,86.56,275.18
477591300,9853888,CSSC CAPE TOWN,2021,121.32,378.93
477591300,9853888,CSSC CAPE TOWN,2020,116.26,362.53
353051000,9401142,MSC GAIA,2021,356.72,1111.54
353051000,9401142,MSC GAIA,2020,373.37,1163.59
353051000,9401142,MSC GAIA,2019,352.49,1099.11
259896000,9172210,DORIS,2021,55.84,179.03
259896000,9172210,DORIS,2020,61.55,196.14
259896000,9172210,DORIS,2019,59.63,188.13
310602000,9391476,STENA PENGUIN,2021,150.41,473.54
310602000,9391476,STENA PENGUIN,2020,150.4,471.21
310602000,9391476,STENA PENGUIN,2019,169.63,534.02
247237100,9373230,AETHALIA,2021,82.44,258.75
247237100,9373230,AETHALIA,2020,86.43,270.74
538008175,9848118,YASA VENUS,2021,90.14,282.61
538008175,9848118,YASA VENUS,2020,79.78,248.95
538008175,9848118,YASA VENUS,2019,81.96,256.76
212797000,9180360,ISOLDA,2021,65.7,206.3
212797000,9180360,ISOLDA,2020,71.99,226.73
212797000,9180360,ISOLDA,2019,80.44,252.95
316015060,9739800,GAIA DESGAGNES,2021,59.89,173.93
316015060,9739800,GAIA DESGAGNES,2020,56.15,163.48
316015060,9739800,GAIA DESGAGNES,2019,52.11,152.55
311000977,9189902,BALTIC HOLLYHOCK,2021,81.55,256.7
311000977,9189902,BALTIC HOLLYHOCK,2020,81.42,256.73
311000977,9189902,BALTIC HOLLYHOCK,2019,79.6,248.49
246430000,9248564,NASSAUBORG,2021,81.15,257.92
246430000,9248564,NASSAUBORG,2020,81.56,259.19
246430000,9248564,NASSAUBORG,2019,86.02,271.05
538006468,9671058,FEDERAL CHAMPLAIN,2021,64.19,204.32
538006468,9671058,FEDERAL CHAMPLAIN,2020,61.47,195.44
538006468,9671058,FEDERAL CHAMPLAIN,2019,62.78,197.8
563642000,9648075,STRATEGIC ALLIANCE,2021,102.62,322.73
563642000,9648075,STRATEGIC ALLIANCE,2020,68.45,216.06
238266000,9519626,PERISTIL,2021,86.53,272.8
238266000,9519626,PERISTIL,2020,166.93,531.42
238266000,9519626,PERISTIL,2019,94.49,296.14
245953000,9466312,ARAGONBORG,2021,72.37,229.21
245953000,9466312,ARAGONBORG,2020,68.21,216.71
245953000,9466312,ARAGONBORG,2019,81.85,258.04
247324900,9340910,SALINA M,2021,69.78,218.62
247324900,9340910,SALINA M,2020,62.81,196.54
247324900,9340910,SALINA M,2019,87.62,274.96
477769800,9712890,PACIFIC ABILITY,2020,104.17,325.34
219348000,9586617,BERGENSFJORD,2021,112.73,315.57
219348000,9586617,BERGENSFJORD,2020,121.14,338.22
219348000,9586617,BERGENSFJORD,2019,112.48,312.48
356447000,9414242,CHEMROAD DITA,2021,88.12,278.52
538009418,9250701,BLUE EVERTON,2020,91.59,290.93
538009418,9250701,FEISTY KAREN,2019,76.38,238.05
477076700,9318321,ANTWERPEN,2021,104.11,332.62
477076700,9318321,ANTWERPEN,2020,117.34,375.71
477076700,9318321,ANTWERPEN,2019,109.75,347.64
636022568,9343986,SEABREEZE,2021,86,269.53
636022568,9343986,SEABREEZE,2019,96.3,302.24
636017433,9755933,MSC DIANA,2021,377.76,1178.41
636017433,9755933,MSC DIANA,2020,316.18,984.89
636017433,9755933,MSC DIANA,2019,315.41,984.13
636018933,9085534,MAERSK KOTKA,2021,272.19,851.05
636018933,9085534,MAERSK KOTKA,2020,311.97,982.56
636018933,9085534,MAERSK KOTKA,2019,268.73,838.06
246737000,9591820,NOORDDIJK,2021,41.37,132.64
246737000,9591820,LIEKE,2019,48.84,153.27
209952000,9214991,ULYSSES,2021,258.17,804.58
209952000,9214991,ULYSSES,2020,258.42,805.73
209952000,9214991,ULYSSES,2019,272.36,848.87
246866000,9605176,HANZE GENDT,2021,75.14,238.75
246866000,9605176,HANZE GENDT,2020,83.46,264.62
246866000,9605176,HANZE GENDT,2019,84.08,265.73
636021853,9425502,TORM GYDA,2021,76.42,243.3
636021853,9425502,TORM GYDA,2020,73.18,233.55
636021853,9425502,TORM GYDA,2019,77.98,244.71
210331000,7907661,STENA SPIRIT,2021,153,483.76
210331000,7907661,STENA SPIRIT,2020,164.65,518.8
210331000,7907661,STENA SPIRIT,2019,152.45,480.38
209276000,9504035,ELBWAVE,2021,85.19,267.82
209276000,9504035,WES CARINA,2020,85.43,269.98
209276000,9504035,WES CARINA,2019,86.58,273.37
563394000,9528029,IVS ORCHARD,2021,73.05,227.96
538006785,9267209,FEDERAL SETO,2021,76.52,243.43
538006785,9267209,FEDERAL SETO,2020,68.59,217.38
538006785,9267209,FEDERAL SETO,2019,72.4,228.14
477723600,9751573,XIN GUANG HUA,2021,Division by zero!,Division by zero!
477723600,9751573,XIN GUANG HUA,2020,Division by zero!,Division by zero!
477723600,9751573,XIN GUANG HUA,2019,265.19,825.82
566044000,9722302,THEBEN,2020,148.34,462.43
566044000,9722302,THEBEN,2019,134.79,420.07
255826000,9354399,DAGMAR,2021,78.76,248.61
255826000,9354399,BUXTEHUDE,2020,66.26,209.01
255826000,9354399,BUXTEHUDE,2019,79.87,249.6
277548000,9809100,TULIPA SEAWAYS,2021,138.4,433.84
277548000,9809100,TULIPA SEAWAYS,2020,139.01,433.16
277548000,9809100,TULIPA SEAWAYS,2019,136.72,426
212667000,9333553,ESL EUROPA,2021,66.21,210.18
212667000,9333553,ESL EUROPA,2020,70.97,225.18
212667000,9333553,ESL EUROPA,2019,65.7,207.44
636092932,9225641,MSC ILONA,2021,266.87,840.98
636092932,9225641,MSC ILONA,2020,257.23,810.52
636092932,9225641,MSC ILONA,2019,238.77,746.3
240815000,9350719,SUPERFAST I,2021,185.58,578.65
240815000,9350719,SUPERFAST I,2020,168.51,525.45
240815000,9350719,SUPERFAST I,2019,166.81,523.52
636016943,9235402,BOMAR RADIANT,2021,127.48,396.99
636016943,9235402,BOMAR RADIANT,2020,130.16,405.32
636016943,9235402,BOMAR RADIANT,2019,126.5,393.91
636018642,9791860,CIELO DI HOUSTON,2019,88.93,278.38
372051000,9299551,MSC VITTORIA,2021,290.68,918.05
372051000,9299551,MSC VITTORIA,2020,272.49,859.32
372051000,9299551,MSC VITTORIA,2019,269.19,839.51
310749000,9253727,TORONTO EXPRESS,2021,193.97,609.17
310749000,9253727,TORONTO EXPRESS,2020,182.64,573.3
310749000,9253727,TORONTO EXPRESS,2019,185.73,582.34
215178000,9527635,MURRAY STAR,2021,62.1,196.47
215178000,9527635,MURRAY STAR,2020,69.42,220.34
215178000,9527635,MURRAY STAR,2019,71.88,227.24
636021509,9388209,PS HOUSTON,2021,103.24,325.35
636021509,9388209,IRON POINT,2019,131.7,412.38
259538000,9144263,LYSBRIS SEAWAYS,2021,64.09,205.47
259538000,9144263,LYSBRIS SEAWAYS,2020,65.49,209.97
259538000,9144263,LYSBRIS SEAWAYS,2019,57.42,184.1
255806327,9287792,NEUBURG,2020,77.25,243.84
255806327,9287792,NEUBURG,2019,83.55,263.18
477462400,9535187,MOL GRATITUDE,2021,201,630.16
477462400,9535187,MOL GRATITUDE,2020,175.44,549.38
477462400,9535187,MOL GRATITUDE,2019,193.03,604.14
477633300,9317793,LUZON STRAIT,2020,74.97,236.16
626264000,9323986,BEKS INDIANA,2021,155.48,492.43
626264000,9323986,MINERVA INDIANA,2019,135.21,422.48
255805755,9436305,VERONICA B,2021,66.23,208.3
255805755,9436305,EXPERT,2020,69.81,222.13
255805755,9436305,EXPERT,2019,84.76,264.74
256038000,8001024,CSL ELBE,2021,58.4,187.23
256038000,8001024,CSL ELBE,2020,59.06,189.36
256038000,8001024,CSL ELBE,2019,65.17,207.89
246650000,9462794,OOCL RAUMA,2021,87.68,276.99
246650000,9462794,OOCL RAUMA,2020,86.33,273.18
246650000,9462794,OOCL RAUMA,2019,94.41,299.92
636091400,9373486,RHL AGILITAS,2020,Division by zero!,Division by zero!
215289000,9409273,LIV KNUTSEN,2021,94.44,302.62
215289000,9409273,LIV KNUTSEN,2020,97.88,313.65
215289000,9409273,LIV KNUTSEN,2019,113.79,364.49
244912000,9307384,TRICA,2021,170.03,529.76
244912000,9307384,TRICA,2020,168.83,526.01
244912000,9307384,TRICA,2019,169.68,528.65
229879000,9464376,BALTIC SWIFT,2021,91.56,290.53
229879000,9464376,BALTIC SWIFT,2020,120.98,383.72
229879000,9464376,BALTIC SWIFT,2019,102.97,324.89
304521000,9415143,EIDER,2021,81.31,254.04
304521000,9415143,EIDER,2020,84.57,265.44
304521000,9415143,EIDER,2019,66.84,210.75
431710000,9468308,ONE ALTAIR,2021,230.89,728.17
431710000,9468308,ONE ALTAIR,2020,242.43,763.98
431710000,9468308,NYK ALTAIR,2019,256.91,800.36
212882000,9195133,EMS HIGHWAY,2021,50.96,163.39
212882000,9195133,EMS HIGHWAY,2020,52.33,167.78
212882000,9195133,EMS HIGHWAY,2019,46.75,149.88
257620000,9881380,FERMITA,2020,72.36,225.5
371417000,8506361,BASHAR ONE TRANSPORT,2021,97.9,309.38
244130873,9287314,MANISA VERA,2021,52.47,164.93
244130873,9287314,LONGWAVE,2020,48.03,151.97
244130873,9287314,LONGWAVE,2019,45.1,142.07
374125000,9260263,SW JULIA I,2021,124.27,393.44
374125000,9260263,SW JULIA I,2020,86.23,272.84
374125000,9260263,SW JULIA I,2019,126.77,398.29
373068000,9465291,MSC REGULUS,2021,315.18,993.69
373068000,9465291,MSC REGULUS,2020,281.45,887.49
373068000,9465291,MSC REGULUS,2019,340.67,1065.03
626260000,9290828,BYRON,2021,96.82,305.41
626260000,9290828,BYRON,2020,118.19,374.11
626260000,9290828,BYRON,2019,112.65,352.68
636013689,9337444,MSC UBERTY,2021,273.04,860.53
636013689,9337444,MSC UBERTY,2020,261.22,825.14
255806404,9312078,PATRICIA,2021,83.05,260.58
255806404,9312078,PATRICIA,2020,75,235.67
255806404,9312078,PATRICIA,2019,79.2,250.97
275524000,9129469,PERSEUS,2021,59.04,186.25
275524000,9129469,ATLANTIC COAST,2020,57.98,182.89
275524000,9129469,ATLANTIC COAST,2019,58.46,184.42
219578000,9619995,MAYVIEW MAERSK,2021,305.93,952.91
219578000,9619995,MAYVIEW MAERSK,2020,331.17,1017.16
219578000,9619995,MAYVIEW MAERSK,2019,307.36,957.11
219095000,9622241,CAP SAN ANTONIO,2021,249.83,492.92
219095000,9622241,CAP SAN ANTONIO,2020,247.39,709.27
219095000,9622241,CAP SAN ANTONIO,2019,244.44,762.17
228263700,9364980,ARMORIQUE,2021,144.37,450.85
228263700,9364980,ARMORIQUE,2020,176.35,551.51
228263700,9364980,ARMORIQUE,2019,152.63,476.21
224957000,9360506,VOLCAN DE TAMADABA,2021,175.74,547.84
224957000,9360506,VOLCAN DE TAMADABA,2020,185.85,579.95
224957000,9360506,VOLCAN DE TAMADABA,2019,195.61,609.64
255806192,9327047,AGNES ESSBERGER,2021,73.03,234.14
255806192,9327047,AGNES ESSBERGER,2020,73.17,234.59
255806192,9327047,AGNES ESSBERGER,2019,80.12,256.85
477754600,9344681,SAN ALVARO,2021,121.69,383.66
477754600,9344681,SAN ALVARO,2020,120.58,375.79
477754600,9344681,SAN ALVARO,2019,124.09,386.85
311000153,9635456,CS SATIRA,2021,73.59,232.49
311000153,9635456,CS SATIRA,2020,80.65,253.13
311000153,9635456,CS SATIRA,2019,63.35,197.37
257055860,9825817,SAMNØY,2019,43.72,120.24
257630000,9863558,ALTERA WAVE,2021,165.68,494.69
210249000,9594470,GREY FOX,2021,97.75,305.91
210249000,9594470,MADRID TRADER,2019,80.77,253.69
538006778,9205938,FEDERAL HUNTER,2021,80.49,257.43
538006778,9205938,FEDERAL HUNTER,2020,73.61,233.13
538006778,9205938,FEDERAL HUNTER,2019,77.49,244.19
477973000,9233454,SAGA VOYAGER,2021,93.02,293.69
477973000,9233454,SAGA VOYAGER,2020,83.78,264.62
477973000,9233454,SAGA VOYAGER,2019,76.79,239.36
564057000,9348302,BRO AGNES,2021,75.9,240.95
564057000,9348302,BRO AGNES,2020,90.21,287.99
564057000,9348302,BRO AGNES,2019,75.82,237.94
250005913,9851957,ARKLOW ACE,2021,29.78,95.48
250005913,9851957,ARKLOW ACE,2020,26.12,82.98
636013144,9322322,ZIM SHEKOU,2021,192.26,599.87
636013144,9322322,ZIM SHEKOU,2020,154.86,483.32
636013144,9322322,ZIM SHEKOU,2019,155.95,487
236514000,9460239,STEN SKAGEN,2021,77.79,249.4
236514000,9460239,STEN SKAGEN,2020,87.55,280.69
236514000,9460239,STEN SKAGEN,2019,90.81,291.12
248897000,9444455,SONGA PEARL,2021,104.57,327.3
248897000,9444455,SONGA PEARL,2020,108.63,340.82
248897000,9444455,SONGA PEARL,2019,105.18,658.56
